horizon,a,b,dm_stat
1,har,rw,-13.476043882961852
1,har,ewma,-15.22850623215236
1,har,garch,-15.302075166661448
1,har_vix,har,14.663611049144112
5,har,rw,-4.412801098583074
5,har,ewma,-6.932023468548452
5,har,garch,-8.351568981856161
5,har_vix,har,-0.613339110512603
22,har,rw,-2.0155249815315948
22,har,ewma,-1.9067341017598987
22,har,garch,-2.4901985299153395
22,har_vix,har,-2.742957818839614
